reviewId,userName,userImage,content,score,thumbsUpCount,reviewCreatedVersion,at,replyContent,repliedAt,appVersion
9fa971cd-28e7-4e69-923d-71e0e7c2dd0e,Emily,https://play-lh.googleusercontent.com/a-/ALV-UjU-iZ2GqVVuA9xD_-jF9llj7AimG0MRLW8kXlklxTvgBNGGrEI_,"it's an affordable price, it deffinatly is helpful. I feel like the way the questions are asked and the info given that eventually you could start thinking differently . you have to remember though it's not a fix all. it's just training your brain not to tear your heart to shreds. keeping the balance.",4,0,1.58.0,2025-05-13 03:05:25,,,1.58.0
1e553c52-9158-4bd9-ae76-0c1cc99f7582,Mike Hall,https://play-lh.googleusercontent.com/a/ACg8ocK0DvAWk3mG7I8zS1SSC0XCUynjI3CE5rBR9xt2WRixF0Nt1w=mo,App doesn't seem to cater for cases where you already successfully have good responses.,3,0,1.58.0,2025-05-12 06:39:01,,,1.58.0
7c139229-5b0a-4066-b312-44cfd448f9d3,Amanda Smolak,https://play-lh.googleusercontent.com/a/ACg8ocLYL5xkxk9Rr3ez3XOPGCZmRAvgETl3351FM11lNXfNNGJ5jA=mo,I've only just started using this app but so far so good,4,0,1.58.0,2025-05-11 23:33:35,,,1.58.0
752bc307-4d8e-461a-8980-3359d725d818,Ethan Stallings,https://play-lh.googleusercontent.com/a/ACg8ocIvdcj0hqrBBmJbkS7oq68mTQf_alsHk56McKqZ8bSguYXpqw=mo,"Never leave reviews but in the first five minutes of using the app I was seeing clear signs and triggers. This app really works it's legit, it's thought provoking and thoughtful. Recommending it now if you're even in question. Just do it full subscription. Cheaper than a lot and more helpful than most out there. üëçüëå",5,0,1.58.0,2025-05-11 19:50:25,,,1.58.0
fafda0ab-07f6-4645-aa8e-74425e080463,Olivia,https://play-lh.googleusercontent.com/a-/ALV-UjW_wd_SMGjfy1gMzAgUaSlxa8AEuIVmznubB7vPQ07Zkum-3Hw,I'm loving the app its helping me with my problems I am doing so much better!,5,0,1.58.0,2025-05-11 15:47:40,,,1.58.0
cfc744b2-5f04-4851-8a71-b0d2cfa45a29,Barbara Blood,https://play-lh.googleusercontent.com/a/ACg8ocLdEqqnD5ZYI7_pECxETMPXXqUeamI4P1Os2aPvPq5wPNA1Jg=mo,worst app I need help mentally and I was interested in using the app but since I have a prepaid phone I can't use the app at all. I'm so tired of not being able to get help because I'm broke. I hate life,1,0,1.58.0,2025-05-11 01:43:09,,,1.58.0
816f1f2a-c50c-4563-9505-cfbaac4cd8c1,Brandye Scarbrough,https://play-lh.googleusercontent.com/a-/ALV-UjUZGULW1jb0lIpp7H7Ijm_DykDtxMWoAdreOXmAcrptnnLthoH8,"as today is my first day experiencing the app I can't comment on long term achievement. however I can say that today, my first day, it has been successful at teaching me a few things I did not know and that were helpful. I'm looking forward to spending time on the app in future days to come. A+",5,0,1.58.0,2025-05-09 14:52:18,,,1.58.0
2ec3505e-8b91-4308-b69c-0a7c2c2592c3,Tristan Featherstone,https://play-lh.googleusercontent.com/a-/ALV-UjV2MhdNxCm0Ynm3PUvtvPoJoB-2HD5woBpTNLFW9YM2Iomp6gfI,"I just started using the app, but it has already helped me in just a few days. the mini lessons are a great way to spend a small amount of time each day on yourself! it's also a great compliment to therapy sessions!",5,0,1.58.0,2025-05-07 00:31:46,,,1.58.0
fad3bfec-d90b-4dd9-a13b-0383edc4fbd2,Jerry Eggers,https://play-lh.googleusercontent.com/a-/ALV-UjU2ifaErD8U4j5qzjI2ReqSnOmZMZmxZ3reK04JA6srCsaWe4Tz,no free version as advertised,1,0,,2025-05-06 21:40:21,,,
2de31149-dd7d-4162-9ed4-3a2803f471ed,Sarah St,https://play-lh.googleusercontent.com/a/ACg8ocIGA2Kx17LW7iFJy09Z-VJ5-mnQwmsHd4yOE6JCMjZ42Erau-hN=mo,"only done a few lessons so far but when I unlocked a box with a prize inside, it said ""you won a joke"" and showed me a lil funny cartoon about procrastinating. very original!!!",5,0,1.58.0,2025-05-05 04:22:41,,,1.58.0
bbf54a7c-1183-4e33-82ed-a1ebb86e798b,Terri Jackson,https://play-lh.googleusercontent.com/a-/ALV-UjUgfS5jLTH4Gxb91opxYirz322QuZBuVYiU8-jZxEK7awEY7K0,"So far, the app has been very interesting and enlightening. l am looking forward to implementing the things I learn into everyday situations.",5,0,1.58.0,2025-05-04 21:25:53,,,1.58.0
da8101d4-5edc-4ef2-8fe4-9bb28a4e4f8f,Michele Reynolds,https://play-lh.googleusercontent.com/a-/ALV-UjWZkp8g1yCtnwt53FJO2_HUWNkgXcddZbGXc04vDGvIeJrS_kY,just downloaded the app and love it! very helpful to reduce my reactivity.,5,0,1.58.0,2025-05-02 20:52:59,,,1.58.0
4ca59171-e99c-4f06-ac93-b5d503118fb1,Ankita Nath,https://play-lh.googleusercontent.com/a-/ALV-UjUOZsD78w4ANFcwp8faCpJ3qTVlaMmaiHLbo7L21tjWK2kDB2fVXg,You should mention in the description that this is not a free app. I wasted my time.,1,1,1.4.0,2025-05-02 03:26:27,,,1.4.0
7ec5347d-5f30-43ce-8b46-f52568caa46b,‚Ä´ÿπŸèŸÖÿ± ÿßŸÑŸÅÿ±Ÿëÿß‚Ä¨‚Äé,https://play-lh.googleusercontent.com/a/ACg8ocKpQbdunmTfCu5I2ecnXjLVJhPETv6rvsyCoc9NLYDJuFNm3Ew=mo,doesn't help with anger issues. I'm so sick of people stuck on thinking CBT helps with anger. it doesn't .,1,0,1.4.0,2025-05-01 20:52:13,,,1.4.0
b1e9911d-0a50-47a8-9d44-0c9e0710e1e2,Adrian,https://play-lh.googleusercontent.com/a-/ALV-UjUjbd6d4Q7-KgX53BidBv7-BiymRjC2eeqyHZy8_eTNYaOuBJec,"really helpful, and very easy to use",5,0,1.4.0,2025-04-28 20:56:38,,,1.4.0
2a9550af-d7ae-48f5-b18b-25f7d26580ca,Carson Gross,https://play-lh.googleusercontent.com/a/ACg8ocIEul7XIAQjR71Tvmi2T_J_FtokmApegtbjx3g3b8CJ-lo3hw=mo,it says it's free but you have to pay every month or a 7 free day trial. üò°,1,1,1.4.0,2025-04-28 02:03:34,,,1.4.0
bdb7637e-d416-48f4-8520-22419bd6cfc3,Courtney Cammarota,https://play-lh.googleusercontent.com/a-/ALV-UjWqHNbA5gD2-xMOIHeRagJZ7ppTQaIqy7KsEm_2VG5Ks1rgqg8,App really helps with techniques information to help reframe thinking.,5,0,1.4.0,2025-04-27 17:37:31,,,1.4.0
83a9834d-3336-4b5d-93d8-98e93fc3b893,Milla Tulonen,https://play-lh.googleusercontent.com/a-/ALV-UjW_6N_vA5rJgW3BCJO4mYi5I8CyR9z00m7qCy0A-tgvXrhwpguh,"When I first came across this app, it was sold to me as Duolingo for Emotions. Initially I thought it took more concentration but overtime it has become part of my routine and I've learnt amazing skills and perspectives to why I behave/think/feel the way I do. Highly recommend this! It is worth the cost if you are willing to put the effort it.",5,5,1.4.0,2025-04-23 11:41:35,,,1.4.0
174f598c-e462-483f-87f1-abc2fa3919a8,Stephen Renfro,https://play-lh.googleusercontent.com/a/ACg8ocLaDIO8jDvt_tPY0HwSnUklpEMgI1SFwvlJsCL7qRq0y_3m2g=mo,"this app explains why I have anxiety, I have not really found the part yet that helps with it. I hope I do soon though.",4,0,1.4.0,2025-04-23 09:33:43,,,1.4.0
9e2e45fb-c623-4481-b756-ab66c3bfbaf6,Byron Byron,https://play-lh.googleusercontent.com/a-/ALV-UjVZiCl2pwAx9n2Xsf4m_WsBeeU8gooyXikf8xMsluiWkILSf0wIhA,"So very buggy. The lessons are the ONLY function working as intended. The lessons are helpful. Everything else has a bug of some sort. I paid for all the functions for a year. Reached out to support and was told they're ""on it"". not sure what that means, but I'm definitely cancelling until they follow up or I see improvement.",2,0,1.4.0,2025-04-22 16:09:14,,,1.4.0
65e4fa33-ef77-47f3-b546-bc9c18437c5e,Angela Timberlake,https://play-lh.googleusercontent.com/a-/ALV-UjXKkHxvkvFGmiQIIenzQr0lFL1ktBKjDCZM41CFuwVdlZ0WJQKi,not sure if I like it yet but it seems like it is a good program,3,0,1.4.0,2025-04-21 10:56:35,,,1.4.0
d1b75ea8-2b9d-418a-a383-12da8fa08979,Jakki Corbin,https://play-lh.googleusercontent.com/a-/ALV-UjWhH_NE8zROqmcRm5wp-Egtep1gw2dGz1TjPvSsB9D71HL_Z2wspw,"still in the free trial, however, so far every thing I've completed has spun my mindset to work on so many things including how I word things",5,1,1.3.2,2025-04-21 05:08:00,,,1.3.2
55a3ac50-74cf-4c3e-8e6a-d0af1be23c05,Kevin Phillips,https://play-lh.googleusercontent.com/a-/ALV-UjVzv59NuqfNtBICRvcW98FfCpE0dm8ZCMHGI3cQR-21uxKeb6fP,"cute app, does what it does well",5,1,1.4.0,2025-04-21 04:10:57,,,1.4.0
690f00a2-c58f-4e5e-9788-0d219923304d,Tracy Weekley,https://play-lh.googleusercontent.com/a/ACg8ocJOzgsSmmgg6Q1hPJ0_X6Zc8H_YeUr6cjQYiSpPzD1Wyh9NAw=mo,15 minutes in and I'm already hooked and even feeling a bit better than I was. I highly recommended this app and challenge you to at least try it and see for yourself. I am seriously excited about this one and all I'll get to take away from it. 15 minutes in and I've already gains so much from it.,5,1,1.4.0,2025-04-20 03:55:10,,,1.4.0
c40e8560-243e-4838-900b-f06f17d18959,LLC Renee Burns Unlimited,https://play-lh.googleusercontent.com/a-/ALV-UjUFu25LGOH6aGofZLAbKvJRkQJb1YLXLBmGqElDX26wNU35Fw,Niccccce.,5,0,1.3.2,2025-04-19 11:38:22,,,1.3.2
dd64bb60-c0cd-463d-a2fd-7539c4c86750,Kimberly Weston,https://play-lh.googleusercontent.com/a-/ALV-UjXnNj-HUEpg28eq6kFnxgLAbyfQvYuo4qgbCOIeLHzvayR_mI0L,I'm really digging this app. I've lowered my social media time and am liking the consistency of learning a little every day.,5,1,1.4.0,2025-04-18 19:13:10,,,1.4.0
e2ffd621-6770-48da-b825-b62f08ec20b2,Jackie Long,https://play-lh.googleusercontent.com/a-/ALV-UjXdXTGPEdjQ9oh-9g-1M_YnSxS9gI0a0BXLFo09_uZOsmqCBSE,Really gets me out of my own head and helps me focus on coping options,5,1,1.4.0,2025-04-17 00:33:41,,,1.4.0
0f51cf72-7716-4685-892a-33b3ab0d715b,aubree,https://play-lh.googleusercontent.com/a-/ALV-UjVuzQbM6xNOY4SpvM98x0JgONaLBX1NnxSRgwi3ydeDBsng_b_bNw,I don't want to pay I'm a kid,1,0,1.3.2,2025-04-17 00:18:23,,,1.3.2
d3372835-a6e1-4b25-b0ae-5538188d1895,Gina,https://play-lh.googleusercontent.com/a/ACg8ocLn2f8Mj5YKwEMEdT-wDtAWaCcZ8IOJMeWavD7pKFHuIh2n=mo,helped with techniques,4,1,1.3.2,2025-04-16 18:03:47,,,1.3.2
c5bafe7b-658a-4882-bcb3-80583214e50b,Taufik,https://play-lh.googleusercontent.com/a-/ALV-UjWVgJ7uvf2MddblrUzbmxjamlPmaK0HmvQ1wFZKEYSorsbKGlf3,"I'm an emotional wreck and I never know that. Long story short, relationships and life in general started going down and I needed help. That's when I came across ahead. I'm still a wreck now but I'm fixing things little by little and I can see my life getting better.",5,1,1.4.0,2025-04-15 14:03:50,,,1.4.0
5437bd87-36be-4997-81db-ae816a9ed42c,Vivian Shartzer,https://play-lh.googleusercontent.com/a-/ALV-UjWHEE-rOm5YvIocKW87rwlibtvdKoMwbmmbNmQD8A39xMqPfKVF,"This company used an AI image of Brittney Spears after she had a breakdown and shaved her head with the caption, ""This could have been a 2-minute reflection, not a buzzcut."" If this app is willing to exploit the mental health of someone in an effort to advertise, they do not respect your emotions and health. This company is disgusting.",1,5,1.3.2,2025-04-15 02:09:01,,,1.3.2
d00f964e-0716-4581-8b45-ba17a9737fdd,Chrissy Vaccarino,https://play-lh.googleusercontent.com/a-/ALV-UjUpgweXa7ni7UKMeEtNeskOxp76EOOzHJuK5QD6Ph5_gDOpouzqHQ,wish there was different options sometime neither fits and just pick a random scenario,4,1,1.3.2,2025-04-15 00:12:01,,,1.3.2
c4312601-f880-48af-81ba-292e1e3a8a26,Very True,https://play-lh.googleusercontent.com/a/ACg8ocLtK060zvCLx2hbJehhbp4UZ3CCETEmeWmGdYKRQMjQt2lC2w=mo,"Developers who don't know how to save UI state on app going into background do not deserve to be paid, sorry. Nice visuals awfully coding all over.",1,1,1.3.2,2025-04-12 06:51:50,,,1.3.2
a8c6d555-b651-4655-9490-062d491269e5,Paulo Weber,https://play-lh.googleusercontent.com/a/ACg8ocJ2kxLCtoBseQtMo5mL_t-lXrEKPPPYv7NzSZUIP4AVIijpVg=mo,"really liking this so far. satisfyingly affirmational, - clearly a lot of thought was put into this app.",5,1,1.3.2,2025-04-11 05:41:09,,,1.3.2
1458c1f8-e9c2-457f-9dcb-14280fe09ce0,Ben Greenwood,https://play-lh.googleusercontent.com/a/ACg8ocKwXg7y-nDJGqDjFAgSNknPAPeGQoZ82se_JmpClpRg-UHDJw=mo,Way too expensive and no monthly option or discounts. They call it a fair trial policy but it's not.,1,1,1.3.2,2025-04-10 03:08:52,,,1.3.2
160246c8-2660-4556-93dd-862af56d3864,Katlyn Martinez,https://play-lh.googleusercontent.com/a-/ALV-UjUyrYixVsKbKr4LJq9WVDYJhY48bckA8LMP_8HduKfuG5GtelFG,"nevermind it shouldn't cost me money, I'll use AI instead.",1,0,1.3.2,2025-04-09 05:48:40,,,1.3.2
ec1bc1ed-9580-4b68-9674-d8b4f632daa7,Thau,https://play-lh.googleusercontent.com/a/ACg8ocIwWlydVS8nRgxmSi2vGAGE-5hMARWW88LNPJxMHUmCxrnVxw=mo,This app isn't free to use. They just offer a 7 or 30 day free trial and it sucks because I really need help with this type of stuff..,1,3,,2025-04-08 03:30:02,,,
1e6b618f-e699-45b1-931a-5dcd53e1d8e3,Roxane,https://play-lh.googleusercontent.com/a-/ALV-UjVu6nhyh_PmyvF6FJnk6lEV_coQmqiRtwAAtlIVsxGulGcuSbAB,Dont use won't refund,1,0,1.3.1,2025-04-08 01:52:55,,,1.3.1
ba1787b0-67e8-480d-9ef7-e1b763b01244,Fudge Gibbs,https://play-lh.googleusercontent.com/a/ACg8ocLqUzYFhHq50rlX3RrJ1oUW1MFlUkyLI2KTwAqIOj_s_0dBYg=mo,I like this app.,5,0,1.3.2,2025-04-07 15:32:42,,,1.3.2
c9b63740-7ead-4c55-a3a6-b23fedc9d266,Mike Polselli,https://play-lh.googleusercontent.com/a-/ALV-UjW0bO_9gD1ij8rIb83aZsjeBGBdyEtlXFuxd03xBk3hr5iyci7m,"The free week trial has been helpful, a two week trial would have been more beneficial for seeing if using the app sticks before committing. The content itself is really well done and serves as great supplemental therapy.",5,12,1.3.2,2025-04-04 14:07:03,,,1.3.2
05e402e4-f2af-4b93-b807-a89885f63070,Hazel Smith,https://play-lh.googleusercontent.com/a-/ALV-UjWVCxm13g2h09tBwPP4AtPw5bsllLZ7xD3ko0iyBiHsXate2WI,so disappointing can't use for free have to pay subscription,1,1,1.3.2,2025-04-04 06:50:18,,,1.3.2
8722191d-bbd4-43bd-b4db-5c83a0f10efe,Simone Poe,https://play-lh.googleusercontent.com/a-/ALV-UjWarM9uY7pIZSqE4y7dQMtMvaOuz7Yvop65x4UJ3vv5XPYP0TJ4,love it,5,0,1.3.2,2025-04-04 05:03:20,,,1.3.2
68a77bf7-b21f-472c-b793-b3a0ef7ef354,Josh,https://play-lh.googleusercontent.com/a-/ALV-UjVoWryDRTjCXT6mkPkYZOdqp1pk4KgycL65Qj6bRa6bVHBUTdymBA,"I'm really not fond of there only being one option of a subscription, $59 for a year. I probably won't continue after my trial unless this thing works miracles.",2,3,1.3.2,2025-04-03 20:25:39,,,1.3.2
8e504b47-9e5c-4133-a5cf-ca54cec91d5f,Abbie Louise (Bee),https://play-lh.googleusercontent.com/a-/ALV-UjVjNTNvOJ9SrDGMCSRicjz_r-46F-OBNk08ctNnplXcV8WkkT98,"I enjoy using this app, I have paid for a year subscription. I just finished the positivity section, but I wish there was an option to reset my progress on it or something so I can redo it and have it remember which ones I've redone (like a gold tick instead of purple for the ones done again). The customer service isn't good, I emailed asking how to access the check in page as I have achievements for check in which remains empty as I can't find it, but no one gets back to me.But content is good",4,5,1.3.2,2025-04-01 22:11:48,,,1.3.2
f6ab7ddf-b9ca-4b38-9ee4-1ad1b8187f9a,Kyle Rantala,https://play-lh.googleusercontent.com/a-/ALV-UjUhZgKDzE8rahqBr3Ji1KV-IjWgnAy0vp7eBGRqeglPqSpJhGe_,"Have you take a self assessment test. Which any professional will tell you is not a valid method of analysis, while assuring you that they have a fair 5 day trial. Apparently by fair they mean we are going to ask for your credit card in advance and you are signing a contract to pay $80 for our service if you don't cancel 24 hours before the day six. And we won't let you even see what our service offers without this contract to pay. This is called a scam.",1,2,,2025-04-01 01:29:34,,,
ebd52184-ef22-43a9-96bd-ad2ca3ecfaed,Vivian Mel√©ndez,https://play-lh.googleusercontent.com/a-/ALV-UjUM4ZX6lMm2DsbYlekWG0nSwlUJiLBPdln9ijpf_xDwKwxVBUIRxw,"So far it's easy to use and fun, Ive been doing my work with my therapist but it's hard for me to find the words to express myself and understand what I'm feeling, this app is helping me to work on each aspect step by step. I like it a lot",5,3,1.3.2,2025-03-31 05:00:29,,,1.3.2
0c79890c-1371-4a23-acd4-3f7cc8683b36,Jess Mailloux,https://play-lh.googleusercontent.com/a-/ALV-UjUol6G_XFY9Q2iWozlQLJ08P4ZWpLodpoy0WT-PnewC2-r5KJ4nIA,"Canceled autopay for the free trial ending and didn't want to spend $64, got it taken out of my bank anyway, and then learned from the app that they ""don't do refunds"" and told my bank it was a legit charge. I only make a low amount a month and they put my bank into the negative and won't return the money. Won't be using again.",1,9,,2025-03-27 16:46:28,,,
ee135963-01ac-4b9f-a685-9d0950508b16,Brittany Allen,https://play-lh.googleusercontent.com/a-/ALV-UjVRWmxGwEvzaWuOaZ3Sn2Tb9yyHGfkjLZCUaP15AAr5yF-KF9KS,Uninstalled before using because they basically want a yearly subscription. there is no free access unless you subscribe.,1,5,,2025-03-26 01:56:08,,,
e43e3d56-0d5b-4a38-82b6-8370072bb54c,Katie Sigmon,https://play-lh.googleusercontent.com/a-/ALV-UjVSNqRsMK8zqC2ZfVpK0_N3vZOc-HLuedOwtH-EOc1_UWsH1gJ5gQ,"This app is predatory. I tried to cancel my 7-day trial on the seventh day, but realized I had already been charged for a year subscription ($80!). I feel like a fool. The activities I did for a week were not helpful and extremely basic. Zero stars from me. :(",1,22,1.3.2,2025-03-25 12:00:43,,,1.3.2
05ed9725-5a15-4cdd-92b1-e13509e36af3,Anna Ley,https://play-lh.googleusercontent.com/a-/ALV-UjUU5dlnJwexDeRtgyVgAwpeTjYjs82xGrK8IGxdR7D-FQ9PMXDb,cannot get past sign up screen no matter how I try,1,0,1.3.2,2025-03-22 00:04:34,,,1.3.2
6388ff1f-bd1a-4c9c-bad3-c1802477d63b,Christine Walsh,https://play-lh.googleusercontent.com/a-/ALV-UjWike8DbC41mkeKpgpM_nwJw-pNRcTZqURf59GS8MEKuuFxSwHvyw,an absolute joke. it signs you up saying it's free but you can pay/donate towards those who help run it etc. and then you can't actually access anything without paying for a subscription!!!!????,1,15,1.3.2,2025-03-21 11:35:36,,,1.3.2
aebb8cf5-5f35-4df0-8232-4e57733990c9,Crystalszaslso MATHISONORMADISON-Taylor,https://play-lh.googleusercontent.com/a/ACg8ocKHEelcx4GBngdNf2sRziNYOIInf5fPMX2ENi6G_XQrtQ0sPLA=mo,EACHONETEACHONE,3,0,,2025-03-18 19:29:11,,,
9a22bca7-ed2f-4de1-9062-bd755e938667,Jennifer Thompson,https://play-lh.googleusercontent.com/a-/ALV-UjUT5V8iLy_nVK8F7iyBpAYipSlzUIXlrBB5pEl49_T80pm8ubsrrw,"I'm pleasantly surprised at the efficacy of this app. Using it for the breakup emotional regulation and it's been really helpful. The interactive pieces are varied so it keeps attention. The brain science is helpful and informative. The exercises are helpful! I love the widget option. I wish there was more ability to edit journal entries and titles but I'm really happy with it overall. As someone who does not journal, the questions and prompts are introspective and useful. Recommended fully!",5,24,1.3.1,2025-03-17 22:06:45,,,1.3.1
822dd4cb-866e-4e7a-857b-0ced27475fc3,Candis Gonzales,https://play-lh.googleusercontent.com/a-/ALV-UjXgq-_cO9mx0VkZ3LAA1AVA3fSyWH80e0CWR_mF6pWtk-wmloR4eA,You have to pay to use it even though the app claims it's free. It's only free for 30 days and you HAVE to put in your card information to even get into the app at all. You have no choicen on just using this app for free despite its claims of being a free app. You can take a free test and that is literally it. Can't even put your email in before they ask for your card info. This app is a scam.,1,8,,2025-03-17 20:48:19,,,
d3107dff-0555-4b0e-ae5e-917758ec587a,Amy,https://play-lh.googleusercontent.com/a-/ALV-UjUU_puRi6t1M21H3LaWBr16jy43EU4FkrUvwOhk6LYPIiKCQKtU,"False advertising‚Äì there's no free plan, you have to pay to access any of the features. sad, because I really thought it might be helpful, but I refuse to pay another subscription; I would have considered a one time payment, but subs are ridiculous. Uninstalled immediately once they asked for payment details.",1,195,1.3.1,2025-03-17 07:34:50,,,1.3.1
d41fd533-42d9-4644-bef0-075b4035c6dd,Mohammed Sayyari,https://play-lh.googleusercontent.com/a/ACg8ocIHWLMuXT838mxDrp2OEzeUJKR6Uql9ICJvjrf4rDGTMBwUDOnA=mo,"Thanks for wasting 15min of my life and giving some hope before telling me about the money. Definitely not trusting you to help with my emotions if the first thing you do is manipulate me. Tell me about the subscription first, not after.",1,9,1.3.1,2025-03-16 11:26:09,,,1.3.1
45973e4d-abdb-4bb2-81f8-197894b282ea,Amanda Webb,https://play-lh.googleusercontent.com/a-/ALV-UjX-VFPJNRYw4quyRCCfhpIfn5_14rt8pYnwjOuxg6aXQgYs4kI,I can't get past the signing it goes to agreen share I click it it goes back to the main sign in please fix bugs n let me know I'll reinstall once fixed ty,1,4,,2025-03-15 23:44:34,,,
ac03a346-5f6b-4523-bdfd-313811514bed,Leah Williams,https://play-lh.googleusercontent.com/a/ACg8ocKbyNaGFbxTga7r8guwnCE6KdXtqlKD1Y3AtR9MhRv63gYvOzc=mo,"Please remove the scene ""it's happening again"" it is SUPER creepy and I am afraid I'll get nightmares now.",3,3,1.3.1,2025-03-15 06:19:52,,,1.3.1
f88eeabd-6a60-429a-b288-c75a772dad6b,Jasper Cosby,https://play-lh.googleusercontent.com/a-/ALV-UjXdBg0lqdxoOubV2frpTIvB-fqOIIUWonJfpuMV_kC_Nq-EKU1Y6A,"There is no free plan to try app, it only wants you to purchase it. Sucks I was really looking forward to it but it feels like a scam.",1,22,1.3.1,2025-03-15 03:56:34,,,1.3.1
2279406c-04ec-47a4-9ad9-0f33a67f9464,ALISHA CONTRERAS,https://play-lh.googleusercontent.com/a-/ALV-UjWze834tyorbUihRfTUdEktK34QQ0-x2F4KjJ9WbNuYoPZ97sb_,"I love this! I have the worst time dealing with emotional issues, and this app makes me feel so much better. I'm retraining my brain to approach different emotional issues in a calm way. I totally needed this.",5,7,1.3.1,2025-03-14 18:42:45,,,1.3.1
bf49f148-12e7-4fa1-bb68-c25460b3cdef,Vidhi Seth,https://play-lh.googleusercontent.com/a-/ALV-UjUor9fHgRjlOCtPG4wq7dygi_2bC0R3bby3KmDpb8xM-vUunf5m2w,One should be able to try out the app without providing any payment details!!,1,12,1.3.1,2025-03-14 09:07:44,,,1.3.1
77e340f8-edf5-4a8e-9041-beb140e1888c,Stylianos Vardoulakis,https://play-lh.googleusercontent.com/a-/ALV-UjUg7OTy_AjaZ4iRAJAg3PvXJ5Ou02AYxIeZMh8zUf2sp6vvMvQGvg,Been using it for 3 days now and I'm honestly very impressed! Great ways to learn and extra resources linked with scientific articles.,5,1,1.3.1,2025-03-11 23:13:28,,,1.3.1
458645d7-31b0-4a3c-893f-66873fc903c1,Creedence McNabb,https://play-lh.googleusercontent.com/a-/ALV-UjXyziHul6kpnyTQfnhLc4toQdVEXmN8S-FQDd4mozNvB27mVG13,"All the information and how it's provided is very helpful. Why is the primary text color a light gray against a white background üò≠ It's annoying to try and read, and fails WCAG!",1,15,1.3.1,2025-03-08 20:41:04,,,1.3.1
0fd6d4ac-9437-4cd2-9ada-f22b40a77ba4,Jason Achterberg,https://play-lh.googleusercontent.com/a-/ALV-UjUtPbPC6_2y3-uLPUe0C84eIpbawbEhsekf_UCsuHqyadviAgoH3A,Great,5,0,1.3.0,2025-03-06 22:16:55,,,1.3.0
abed6623-59a4-4d5c-a68a-b1e79bc1ab12,Greg Smith,https://play-lh.googleusercontent.com/a/ACg8ocKWHjmX3MWbrgZFwZooCDZrtwoLYmMelaoJva5TP-dihmq2UQ=mo,Good idea but not upfront about pricing. Could be something to consider but it requires email sign up to even use the app. Save yourself the time and don't even bother installing this one.,1,12,,2025-03-04 14:06:20,,,
563c9a92-5646-4c69-8569-955ccfbb2f06,N T,https://play-lh.googleusercontent.com/a-/ALV-UjXUp-IeJk_XMURS2uiw1xoihdtRbaNWFvlykDx_K1Zk0f4cWjE,Not free.,1,6,1.3.0,2025-03-04 04:00:24,,,1.3.0
02178fa7-c135-4945-b629-a4e40da86745,Roxie Gallegos,https://play-lh.googleusercontent.com/a/ACg8ocI07DFBLD2Cs4zU1ohckr9n_MKM7ApKkYpYnjbQbK7KMJea7w=mo,very helpful,5,0,1.2.1,2025-02-28 17:13:00,,,1.2.1
e9cef113-cf75-4ed8-a744-fcb32cd120ae,Rod McFarland,https://play-lh.googleusercontent.com/a-/ALV-UjUvX7p7DGMgiJShW4fUdx_VnSbHtGSfhQLQSH65uZwZaDCfXr06,Unclear what to do. Cloying graphics and text. Mostly just attempts to sell paid service.,3,5,,2025-02-28 06:23:49,,,
40440f95-ed9a-4b0a-9601-b6d68d6f32ce,Joan Edgar,https://play-lh.googleusercontent.com/a/ACg8ocJ3fna_bsYvFweJOLRpC3fPXrGp1cpPUNi98wbW44c3YId66w=mo,"Seems like a cool app, very similar to Duolingo .but they are not upfront about the pricing. They don't tell you that it cost money until you've completed a few of their questionnaires, from then you have the option to start a free trial for 7 days, or pay $100 for yearly subscription. You can also try a 30-day trial for $6.90. (cad) really interesting idea and I'm sure it can be helpful but I resent apps that are not upfront about the price so I'm not going to try it for now.",2,72,1.3.0,2025-02-26 19:22:39,,,1.3.0
2dbdda2b-b9db-4819-bd81-bb18d729d039,Keegan Wulf,https://play-lh.googleusercontent.com/a-/ALV-UjUDl-WkW4m8y6yVKgtxEM9gveXWB0viPJPk2ndjvGzwRTMC0fLZ-Q,"website was broken - menu page/tray didn't pop out when tapped and i couldn't find information about a free plan or pricing anywhere before i getting started - downloaded the app to give this feedback to the developer. Will be uninstalling now and may actually check it out later, but i can't afford to be pulled into something i can't see the cost of, even if i think the concept is cool",1,26,1.3.0,2025-02-26 15:28:22,,,1.3.0
576b4678-4cec-468b-8b24-6fe09f3f652f,J. H.,https://play-lh.googleusercontent.com/a-/ALV-UjUKgKg3DfH4S3noOu-LO8_qSMwBeIN7sL7x5eR1Mm-qK_jcYSFT,"NOT free. Subcrptions are such a scam. Rather pay just one time and be done at a FAIR PRICE, not the 150$ point they have. This app made my stress and anxiety WORSE, if anything.",1,29,1.2.1,2025-02-26 00:22:51,,,1.2.1
6b84a56c-56a3-4d00-8d13-b1965e1bb598,Jennifer Ford,https://play-lh.googleusercontent.com/a-/ALV-UjXcgvneQjeSZ5qGr1xVLu8IvzP5OVxw5ecrJ40eDilomtMhgdgd,I love it. I really needed something like this. I'm so shy and quiet at work. I am really looking forward to the benefits this brings.,5,0,1.2.1,2025-02-25 16:31:07,,,1.2.1
97367292-8d0e-44ae-8feb-d5a25f74ed88,Rachel Hibbard,https://play-lh.googleusercontent.com/a/ACg8ocJ0BC0xhqQk5WMDQ8-KKYFNOg-xUX-lrsG_WbA6T6FcbcoEmw=mo,This app amazing,5,0,1.2.1,2025-02-24 21:00:07,,,1.2.1
421b5031-3c9b-47d8-a265-912e4bee60fc,Tessa Brown,https://play-lh.googleusercontent.com/a-/ALV-UjUotpWUZ5q93wE8y2ELMNfQshYQIN6V0GvspwS4UBVARR0QdF3PKQ,So far so good,5,0,1.2.1,2025-02-23 22:35:17,,,1.2.1
72b26aad-83d4-4d9d-97f9-e18b5fab6cc6,Gigi D. (sketchur),https://play-lh.googleusercontent.com/a-/ALV-UjWpwS48ft9yw2x2A8JIBMxKk-IuH7eh6nlCN7CuIBAswibEJCsxJw,"I really truly do like this app so far, but it's very laggy sometimes (not my Internet connection). Please bring a dark mode. Thank you! üôè",4,0,1.2.1,2025-02-22 02:39:40,,,1.2.1
58849c98-212a-44b9-b960-42c1060fe371,Perry Hekman,https://play-lh.googleusercontent.com/a-/ALV-UjXYURYhm8BNCYeSk4Wdvh_AkNfEPFcItfivNYmxZ9GeNR1Xya6B,"It's great, BUT I find the little noises it makes really aversive and I can't turn them off. I have my phone on silent but it still makes noise. Help.",4,17,1.2.1,2025-02-21 14:17:40,,,1.2.1
2ca5c25a-a02f-4fac-bd1b-7261338aadba,Andrew Carr,https://play-lh.googleusercontent.com/a-/ALV-UjWb1L-7K5mctIs4WC6XWizVfFn166f1ypRSPQ4EKfQHxIjPCBBG,"Impressively targeted advice, with a very pleasant and functional app design",5,1,1.2.1,2025-02-21 08:45:33,,,1.2.1
9e616e0e-fe3a-4578-83ec-bab51e8ba685,Serenity,https://play-lh.googleusercontent.com/a/ACg8ocJbavG2vQucUTWgQmVaoTz5qgM1QqwWa4dKy7KamDmzaOdj=mo,I don't like that you have to pay,1,10,1.2.1,2025-02-20 02:13:11,,,1.2.1
b0dfe5fd-db54-4912-8b58-d544c95257ba,ÁãêÁÅ´,https://play-lh.googleusercontent.com/a-/ALV-UjW_ZmUW-id35uP9IPtt0K5UNy7wlfNrrGv21aOKZGe8eTjtQYm9,Sucks that you immediately have to pay or set up payment plan don't falsely advertise and it feels like a fake app that's unpersonalized,1,23,1.2.1,2025-02-20 00:38:14,,,1.2.1
9711da41-19e5-483d-91b9-483839ab5e0b,Samantha B,https://play-lh.googleusercontent.com/a-/ALV-UjXnr2lpM2txIp5A8rczRb1r4EsogaUTf_Oh3-fZRRfuMnqi_beJhA,This has been helpful.,5,0,1.2.1,2025-02-18 17:16:51,,,1.2.1
c261653e-25fc-4efa-8214-65d7dd36c1b5,Peter Juras,https://play-lh.googleusercontent.com/a-/ALV-UjXnhWpL89wDf5AJk8eBOwja785a-xMl1pLGobZkxXpUFUhd2q1C,It's asking for a rating independently of whether you have given it every day. Very annoying.,1,13,1.2.1,2025-02-18 16:59:36,,,1.2.1
35318281-814e-4b2e-9d5d-d4583d31eb8e,John K,https://play-lh.googleusercontent.com/a/ACg8ocLBImj9f6wjsV-7vmODyZMGli3vOPPSaf0xhr_nEpRxm6ufiA=mo,The $80 price tag scared me away before even attempting to try it.,1,16,1.2.1,2025-02-18 04:23:08,,,1.2.1
c7136004-2d11-461a-ae11-f651d3be9e91,Rachael,https://play-lh.googleusercontent.com/a/ACg8ocLLKo1klBRXLD7MxEzG3Yla40PHj4R6P5cUrCDHYpJyMM6_QaM_=mo,No access to anything unless you pay,1,14,1.2.1,2025-02-17 11:55:22,,,1.2.1
2754de72-788b-4c3b-93c9-a46923342dc3,Kelsey Ozias,https://play-lh.googleusercontent.com/a/ACg8ocIUgjehBB7HUT-qYZhc-M6IF0J62iB7zzByxq5AsxwuF-GonA=mo,It looks great but I hate you have to pay to control your emotions but best of luck ahead! ‚ù§Ô∏è,4,6,1.2.1,2025-02-16 02:03:45,,,1.2.1
8695a907-f349-4aae-9372-6d5926fe4412,Susan Reed,https://play-lh.googleusercontent.com/a-/ALV-UjVi_symaR77GjWRyfPq-7JgmUa_l8GpKGGR8MFmSVtvTEuPKhg1-Q,"WHO KNOWS!! I went into the app, clicked on something I thought looked interesting, next screen is a free trial screen. But it's only option was 0 days free trial then 59.99 one time payment for a year!! I just decided NEVERMIND. and Uninstalled. WHATEVER...",1,16,,2025-02-14 19:08:39,,,
3cebc647-135d-4bb5-9155-e3df009ed52b,Erik Charles,https://play-lh.googleusercontent.com/a/ACg8ocJo26feCuyyvURcGD7NZE1oHU7X6KAqJLoWuDJy9eUf3BAhoQ=mo,great stress reliever and boosts my will for self improvement,5,1,1.2.0,2025-02-12 20:24:52,,,1.2.0
bc2cb62c-b25b-4f3d-9f73-97313bd83485,Joshua Mattai,https://play-lh.googleusercontent.com/a-/ALV-UjVOikxnw_NjtXniz8NrUzJyIw1czOzeoR2Hqu2zNbCtInhDMWGNvQ,So helpful. Honestly changed my life already in such a short time.,5,1,1.2.1,2025-02-11 18:44:56,,,1.2.1
90a7b9d3-438b-4c6f-93aa-aa0f5cfc39a6,Samantha Hoang,https://play-lh.googleusercontent.com/a/ACg8ocLad6v_uYanoVjy-g9qrs1fgxICFT_nIgZgoUTdppDy8Pz0jA=mo,"I have a healthier outlook and healthier habits because I have used this app. The interface is like a fun game, its interactive, fun to use, and I had recommended this app to my friend who is a mental health social worker and she already loves it!",5,16,1.2.1,2025-02-10 21:13:48,,,1.2.1
171850c1-89ae-42d7-b479-13b6abb20dce,tania filipova,https://play-lh.googleusercontent.com/a-/ALV-UjW9j854CVgrFHPWCW4Ww0CZ9d5OkyP-iC3dhDm2Q5XrWarBR5_ysQ,"can't replace a real person therapist, but I love it as a daily reminder and self help and reflection tool. bought a subscription for a year, using it every day.",5,15,1.2.0,2025-02-06 12:24:30,,,1.2.0
8a59fc1f-eceb-4345-bf1e-d258f951b6e1,Audra Laris (aLa333),https://play-lh.googleusercontent.com/a-/ALV-UjU_Wd2grcu7A0JIfNbNTGw3PiAq91KL2puGT2n8643R9USFQcpOUw,ü§ì‚ù§Ô∏è‚ù§Ô∏è‚ù§Ô∏è,5,0,1.2.0,2025-02-06 08:38:43,,,1.2.0
c0b339e4-9645-4962-b187-6490b3fd96e7,Ellis Perkins,https://play-lh.googleusercontent.com/a-/ALV-UjV-x5-mieOrl7BA_1AkiXcMoDLYX4pXasmGBgJUAIo8NwThgADd5Q,"Only used it once. The app says it'll remind you before the trial ends so you can cancel before it charges you, but I never received a reminder and got charged $60 anyway. Not happy about it.",1,24,,2025-02-03 22:01:30,,,
c47c686b-6604-47fe-884b-6189c76be326,Dyani,https://play-lh.googleusercontent.com/a-/ALV-UjUSwzfwP4bMB1VhhV2z8gEKla273kPvlT7-1kbej7Rey2G1PMc,Not for me tbh,3,2,1.1.2,2025-01-23 04:12:12,,,1.1.2
981f0699-7eb5-4989-a16e-fe098bcab3ac,Nicole S,https://play-lh.googleusercontent.com/a-/ALV-UjWT6zA2OiC0SozdlwX0tm0YLr-2NOIXNcBqKLCoQHlGb-IHIsdf,Advertisements say this is a free app with out subscriptions - immediately made to pick between a free trial and the payment plans.,2,13,,2025-01-16 20:03:41,,,
7a589bc6-f737-4183-af28-425e80f53462,Jenny Pots,https://play-lh.googleusercontent.com/a-/ALV-UjVYuGW8WU_JzMlckuJeTuSGV5dQO2nmxg-EvuEh2iAl_NOZNMn6lQ,Free trial is bogus u cannot even preview shitafter of course doing the 10 min questionnaire,1,18,1.1.1,2025-01-08 06:27:41,,,1.1.1
6932bf28-6ded-4f25-b954-38bbb6c4b3e8,blah blah blah,https://play-lh.googleusercontent.com/a/ACg8ocKDvTiOU3LF-OWx109VsbsWq2yoEmVQmgkUAKxCK1lEb29kYg=mo,¬£54 auto enroll after 7 day free trial...,1,17,1.0.0,2025-01-01 19:37:44,,,1.0.0
29f8114f-ea46-4214-bb72-49e81dcd95c3,Benjamin Clayton,https://play-lh.googleusercontent.com/a/ACg8ocJGR781SPKLSubsP_KwixhQS47mPZlrxj_9UwjnkXCJSaAudQ=mo,"I'm giving a 5star review because the premise and intended execution of the app is very good. However, I have done across quite a few frustrating bugs and it would be good if the development team could focus on finding and fixing these.",5,17,1.0.0,2024-12-15 09:10:51,,,1.0.0
b5a2d869-54ba-45b9-bb21-20288074c725,Harley Quinn,https://play-lh.googleusercontent.com/a-/ALV-UjVmc3bU3LZ2WUanGscE_J8KYZ4yDm_X5qXEDSLpxXXtaEvQweg_Gw,Said it was free. Yeah right ü§£ sure 7 day free trial. Then nothing on this app is free,1,18,,2024-12-10 13:53:01,,,
efe9dc33-84ca-47b1-ae9d-c596f770ecb3,–í–æ–ª—á–∏—Ü–∞ ¬´NocturNal¬ª –ë–ª–∞–¥—ç—Ä–∏–Ω–∞,https://play-lh.googleusercontent.com/a-/ALV-UjU43H72XAgF8d1PPY4_46eSuWKc5HO7f-5gk2S4keEn3nRRH-Ni,Claims be free but absolutely not filled out the whole thing and while getting to the very end when it says it's completely free my hair lit on fire from a candle towards the very end of filling out distracted believing my life may actually go somewhere and I may actually get some help for free .. literally it is not free must subscribe for any use at all what a disappointment wow all of that ..,1,82,1.0.0,2024-12-09 21:21:41,,,1.0.0
f14f72e1-33fe-41db-850e-91dc26ca47fa,Kathy Z,https://play-lh.googleusercontent.com/a/ACg8ocI692ovI1ahUDdmRnXCxKpyuggg8U2efG-y77AGIOQyDEiTDg=mo,"I wish this app were more accessible. Grey on white text is hard to read!! Please could you up the contrast, or have an accessibility option in the settings. ALSO, would love if there was an option to dictate lessons. üß†‚ôø",4,14,1.0.0,2024-12-07 23:39:24,,,1.0.0
d7c3a04a-d60d-4d40-84ee-bf29818ff7b1,Sky Moran,https://play-lh.googleusercontent.com/a-/ALV-UjVf6lCPTbY52WSa3Foyvd2JLXJzhxojz3_M5TpbVlnevjE_har5Tw,"I'm on the free trial, I was only able to complete one activity and the others let me get to the end but then shows blank screen and won't go forward, exiting loses all progress. Otherwise, the information it teaches is exceptional",3,26,1.0.0,2024-12-05 17:04:07,,,1.0.0
